{"cameraMode":{"drawMode":0,"name":"Shaded","section":"Shading Mode"},"sceneLighting":true,"audioPlay":false,"sceneViewState":{"m_AlwaysRefresh":false,"showFog":true,"showSkybox":true,"showFlares":true,"showImageEffects":true,"showParticleSystems":true,"showVisualEffectGraphs":true,"m_FxEnabled":true},"in2DMode":false,"pivot":{"x":-100.60396575927735,"y":2.2745790481567385,"z":129.53152465820313},"rotation":{"x":0.11587180942296982,"y":-0.06699281930923462,"z":0.007835891097784043,"w":0.9909811019897461},"size":426.71533203125,"orthographic":false}